"Oct 04, 2016 9",53,45 AM com.sebuilder.interpreter.SeInterpreter main,,
INFO, /Users/raghav/Desktop/Tools/SeleniumBuilder/SeBuilderDataDrivenTest/Test1.json succeeded,,,
"Oct 04, 2016 9",53,52 AM com.sebuilder.interpreter.SeInterpreter next,,
SEVERE," {""negated""","false,""text""","${message},""type""",verifyTextPresent} failed.
"Oct 04, 2016 9",53,52 AM com.sebuilder.interpreter.SeInterpreter main,,
INFO, /Users/raghav/Desktop/Tools/SeleniumBuilder/SeBuilderDataDrivenTest/Test1.json failed,,,
"Oct 04, 2016 9",54,01 AM com.sebuilder.interpreter.SeInterpreter main,,
INFO, /Users/raghav/Desktop/Tools/SeleniumBuilder/SeBuilderDataDrivenTest/Test1.json succeeded,,,
"Oct 04, 2016 9",54,09 AM com.sebuilder.interpreter.SeInterpreter main,,
INFO, /Users/raghav/Desktop/Tools/SeleniumBuilder/SeBuilderDataDrivenTest/Test1.json succeeded,,,
"Oct 04, 2016 9",54,21 AM com.sebuilder.interpreter.SeInterpreter main,,
INFO, /Users/raghav/Desktop/Tools/SeleniumBuilder/SeBuilderDataDrivenTest/Test1.json succeeded,,,
"Oct 04, 2016 9",54,29 AM com.sebuilder.interpreter.SeInterpreter next,,
SEVERE," {""negated""","false,""text""","${message},""type""",verifyTextPresent} failed.
"Oct 04, 2016 9",54,30 AM com.sebuilder.interpreter.SeInterpreter main,,
INFO, /Users/raghav/Desktop/Tools/SeleniumBuilder/SeBuilderDataDrivenTest/Test1.json failed,,,
"Oct 04, 2016 9",54,41 AM com.sebuilder.interpreter.SeInterpreter next,,
SEVERE," {""negated""","false,""text""","${message},""type""",verifyTextPresent} failed.
"Oct 04, 2016 9",54,41 AM com.sebuilder.interpreter.SeInterpreter main,,
INFO, /Users/raghav/Desktop/Tools/SeleniumBuilder/SeBuilderDataDrivenTest/Test1.json failed,,,
"Oct 04, 2016 9",54,49 AM com.sebuilder.interpreter.SeInterpreter next,,
SEVERE," {""negated""","false,""text""","${message},""type""",verifyTextPresent} failed.
"Oct 04, 2016 9",54,49 AM com.sebuilder.interpreter.SeInterpreter main,,
INFO, /Users/raghav/Desktop/Tools/SeleniumBuilder/SeBuilderDataDrivenTest/Test1.json failed,,,
"Oct 04, 2016 9",54,58 AM com.sebuilder.interpreter.SeInterpreter next,,
SEVERE," {""negated""","false,""text""","${message},""type""",verifyTextPresent} failed.
"Oct 04, 2016 9",54,58 AM com.sebuilder.interpreter.SeInterpreter main,,
INFO, /Users/raghav/Desktop/Tools/SeleniumBuilder/SeBuilderDataDrivenTest/Test1.json failed,,,
"Oct 04, 2016 9",55,05 AM com.sebuilder.interpreter.SeInterpreter next,,
SEVERE," {""negated""","false,""text""","${message},""type""",verifyTextPresent} failed.
"Oct 04, 2016 9",55,05 AM com.sebuilder.interpreter.SeInterpreter main,,
INFO, /Users/raghav/Desktop/Tools/SeleniumBuilder/SeBuilderDataDrivenTest/Test1.json failed,,,
"Oct 04, 2016 9",55,16 AM com.sebuilder.interpreter.SeInterpreter next,,
SEVERE," {""negated""","false,""text""","${message},""type""",verifyTextPresent} failed.
"Oct 04, 2016 9",55,16 AM com.sebuilder.interpreter.SeInterpreter main,,
INFO, /Users/raghav/Desktop/Tools/SeleniumBuilder/SeBuilderDataDrivenTest/Test1.json failed,,,
"Oct 04, 2016 9",55,26 AM com.sebuilder.interpreter.SeInterpreter next,,
SEVERE," {""negated""","false,""text""","${message},""type""",verifyTextPresent} failed.
"Oct 04, 2016 9",55,26 AM com.sebuilder.interpreter.SeInterpreter main,,
INFO, /Users/raghav/Desktop/Tools/SeleniumBuilder/SeBuilderDataDrivenTest/Test1.json failed,,,
"Oct 04, 2016 9",55,36 AM com.sebuilder.interpreter.SeInterpreter next,,
SEVERE," {""negated""","false,""text""","${message},""type""",verifyTextPresent} failed.
"Oct 04, 2016 9",55,36 AM com.sebuilder.interpreter.SeInterpreter main,,
INFO, /Users/raghav/Desktop/Tools/SeleniumBuilder/SeBuilderDataDrivenTest/Test1.json failed,,,
"Oct 04, 2016 9",55,43 AM com.sebuilder.interpreter.SeInterpreter next,,
SEVERE," {""negated""","false,""text""","${message},""type""",verifyTextPresent} failed.
"Oct 04, 2016 9",55,43 AM com.sebuilder.interpreter.SeInterpreter main,,
INFO, /Users/raghav/Desktop/Tools/SeleniumBuilder/SeBuilderDataDrivenTest/Test1.json failed,,,
"Oct 04, 2016 9",55,57 AM com.sebuilder.interpreter.SeInterpreter next,,
SEVERE," {""negated""","false,""text""","${message},""type""",verifyTextPresent} failed.
"Oct 04, 2016 9",55,57 AM com.sebuilder.interpreter.SeInterpreter main,,
INFO, /Users/raghav/Desktop/Tools/SeleniumBuilder/SeBuilderDataDrivenTest/Test1.json failed,,,
"Oct 04, 2016 9",56,06 AM com.sebuilder.interpreter.SeInterpreter next,,
SEVERE," {""negated""","false,""text""","${message},""type""",verifyTextPresent} failed.
"Oct 04, 2016 9",56,06 AM com.sebuilder.interpreter.SeInterpreter main,,
INFO, /Users/raghav/Desktop/Tools/SeleniumBuilder/SeBuilderDataDrivenTest/Test1.json failed,,,
"Oct 04, 2016 9",56,17 AM com.sebuilder.interpreter.SeInterpreter next,,
SEVERE," {""negated""","false,""text""","${message},""type""",verifyTextPresent} failed.
"Oct 04, 2016 9",56,17 AM com.sebuilder.interpreter.SeInterpreter main,,
INFO, /Users/raghav/Desktop/Tools/SeleniumBuilder/SeBuilderDataDrivenTest/Test1.json failed,,,
"Oct 04, 2016 9",56,26 AM com.sebuilder.interpreter.SeInterpreter next,,
SEVERE," {""negated""","false,""text""","${message},""type""",verifyTextPresent} failed.
"Oct 04, 2016 9",56,26 AM com.sebuilder.interpreter.SeInterpreter main,,
INFO, /Users/raghav/Desktop/Tools/SeleniumBuilder/SeBuilderDataDrivenTest/Test1.json failed,,,
"Oct 04, 2016 9",56,36 AM com.sebuilder.interpreter.SeInterpreter next,,
SEVERE," {""negated""","false,""text""","${message},""type""",verifyTextPresent} failed.
"Oct 04, 2016 9",56,36 AM com.sebuilder.interpreter.SeInterpreter main,,
INFO, /Users/raghav/Desktop/Tools/SeleniumBuilder/SeBuilderDataDrivenTest/Test1.json failed,,,
"Oct 04, 2016 9",56,46 AM com.sebuilder.interpreter.SeInterpreter next,,
SEVERE," {""negated""","false,""text""","${message},""type""",verifyTextPresent} failed.
"Oct 04, 2016 9",56,46 AM com.sebuilder.interpreter.SeInterpreter main,,
INFO, /Users/raghav/Desktop/Tools/SeleniumBuilder/SeBuilderDataDrivenTest/Test1.json failed,,,
"Oct 04, 2016 9",56,56 AM com.sebuilder.interpreter.SeInterpreter next,,
SEVERE," {""negated""","false,""text""","${message},""type""",verifyTextPresent} failed.
"Oct 04, 2016 9",56,57 AM com.sebuilder.interpreter.SeInterpreter main,,
INFO, /Users/raghav/Desktop/Tools/SeleniumBuilder/SeBuilderDataDrivenTest/Test1.json failed,,,
"Oct 04, 2016 9",57,05 AM com.sebuilder.interpreter.SeInterpreter next,,
SEVERE," {""negated""","false,""text""","${message},""type""",verifyTextPresent} failed.
"Oct 04, 2016 9",57,05 AM com.sebuilder.interpreter.SeInterpreter main,,
INFO, /Users/raghav/Desktop/Tools/SeleniumBuilder/SeBuilderDataDrivenTest/Test1.json failed,,,
"Oct 04, 2016 9",57,15 AM com.sebuilder.interpreter.SeInterpreter next,,
SEVERE," {""negated""","false,""text""","${message},""type""",verifyTextPresent} failed.
"Oct 04, 2016 9",57,15 AM com.sebuilder.interpreter.SeInterpreter main,,
INFO, /Users/raghav/Desktop/Tools/SeleniumBuilder/SeBuilderDataDrivenTest/Test1.json failed,,,
"Oct 04, 2016 9",57,25 AM com.sebuilder.interpreter.SeInterpreter next,,
SEVERE," {""negated""","false,""text""","${message},""type""",verifyTextPresent} failed.
"Oct 04, 2016 9",57,25 AM com.sebuilder.interpreter.SeInterpreter main,,
INFO, /Users/raghav/Desktop/Tools/SeleniumBuilder/SeBuilderDataDrivenTest/Test1.json failed,,,
"Oct 04, 2016 9",57,34 AM com.sebuilder.interpreter.SeInterpreter next,,
SEVERE," {""negated""","false,""text""","${message},""type""",verifyTextPresent} failed.
"Oct 04, 2016 9",57,34 AM com.sebuilder.interpreter.SeInterpreter main,,
INFO, /Users/raghav/Desktop/Tools/SeleniumBuilder/SeBuilderDataDrivenTest/Test1.json failed,,,
"Oct 04, 2016 9",57,41 AM com.sebuilder.interpreter.SeInterpreter next,,
SEVERE," {""negated""","false,""text""","${message},""type""",verifyTextPresent} failed.
"Oct 04, 2016 9",57,41 AM com.sebuilder.interpreter.SeInterpreter main,,
INFO, /Users/raghav/Desktop/Tools/SeleniumBuilder/SeBuilderDataDrivenTest/Test1.json failed,,,
"Oct 04, 2016 9",57,49 AM com.sebuilder.interpreter.SeInterpreter next,,
SEVERE," {""negated""","false,""text""","${message},""type""",verifyTextPresent} failed.
"Oct 04, 2016 9",57,49 AM com.sebuilder.interpreter.SeInterpreter main,,
INFO, /Users/raghav/Desktop/Tools/SeleniumBuilder/SeBuilderDataDrivenTest/Test1.json failed,,,
"Oct 04, 2016 9",57,58 AM com.sebuilder.interpreter.SeInterpreter next,,
SEVERE," {""negated""","false,""text""","${message},""type""",verifyTextPresent} failed.
"Oct 04, 2016 9",57,58 AM com.sebuilder.interpreter.SeInterpreter main,,
INFO, /Users/raghav/Desktop/Tools/SeleniumBuilder/SeBuilderDataDrivenTest/Test1.json failed,,,
"Oct 04, 2016 9",58,08 AM com.sebuilder.interpreter.SeInterpreter next,,
SEVERE," {""negated""","false,""text""","${message},""type""",verifyTextPresent} failed.
"Oct 04, 2016 9",58,09 AM com.sebuilder.interpreter.SeInterpreter main,,
INFO, /Users/raghav/Desktop/Tools/SeleniumBuilder/SeBuilderDataDrivenTest/Test1.json failed,,,
"Oct 04, 2016 9",58,14 AM com.sebuilder.interpreter.SeInterpreter next,,
SEVERE," {""negated""","false,""text""","${message},""type""",verifyTextPresent} failed.
"Oct 04, 2016 9",58,14 AM com.sebuilder.interpreter.SeInterpreter main,,
INFO, /Users/raghav/Desktop/Tools/SeleniumBuilder/SeBuilderDataDrivenTest/Test1.json failed,,,